cve_municipio,municipio,area_km2,lat_centro,lon_centro,mediana_remesas_2020_2024,cv_remesas_2020_2024,pendiente_remesas_2020_2024,remesas_2024_total,remesas_per_capita_2024,pct_viv_remesas,pct_viv_emigrantes,pct_viv_circular,pct_viv_retorno,iim_dp2,gim_dp2,pos_nacional,pct_pob_analfabeta_15ymas,pct_pob_sin_basica_15ymas,pct_viv_sin_drenaje,pct_viv_sin_energia,pct_viv_sin_agua,pct_viv_piso_tierra,pct_viv_hacinamiento,pct_pob_localidades_menores_5000,pct_pob_ocupada_hasta_2sm,im_2020,gm_2020,imn_2020,pob_total,viv_part_hab,escolaridad_promedio,tasa_ocupacion,pct_viv_internet,pct_viv_celular,pct_viv_pc,pct_viv_auto
14001,Acatic,381.63406846974954,20.73382295413711,-102.95606101733144,3.601622,0.429309,0.270238,30.2924,1307.1154,9.698208111,3.85099025,0.9929078,1.50895945,61.87355,Medio,554,7.24849370093117,52.7129932762061,0.696186110870881,0.203234454726282,3.79226844244573,1.02482054830061,17.4972667694092,43.7626752966559,66.0987245643073,56.8976906563699,Muy bajo,0.890938649711349,23175,6408,7.29,99.3574,44.897,90.5275,25.2341,57.7247
14002,Acatlán de Juárez,165.40880822739035,20.38860329168417,-103.62244999542608,7.043067,0.154959,0.137806,28.7814,1139.8574,11.01062986,1.8230818,1.23652505,1.26823082,61.81981,Medio,540,2.96722513679698,31.8128181764861,0.271174950213974,0.182195669675014,0.983009194525656,0.504215923054108,18.5761432647705,25.1009900990099,62.9637241804542,58.7390304017307,Muy bajo,0.919771467484206,25250,6372,9.23,98.2221,52.7464,92.9692,36.5035,50.6905
14003,Ahualulco de Mercado,327.25111592061324,20.683934387276413,-103.92572859791022,11.32469,0.259721,-0.306591,43.0108,1820.1777,13.5932888,2.28367252,0.74778003,1.98850396,61.88611,Medio,558,2.71853494852983,29.3595722898419,0.19302535066272,0.162999185004075,0.111525758160683,0.652080652080652,14.4437618255615,28.0575539568345,60.4024943310658,59.1647776340978,Muy bajo,0.926438076619792,23630,6519,9.52,99.3424,44.1939,90.3206,38.3955,58.0304
14004,Amacueca,129.9756733694721,19.963421983289457,-103.63989439991201,0.165194,0.944278,-0.018662,0.0044,0.7662,14.95448635,0.12987013,0.06501951,0.77922078,63.3359,Bajo,967,3.55846042120552,44.1388283708545,0.3154021377256,0.4731032065884,0.245312773786578,3.43437883301209,19.5337104797363,100.0,75.6040892193308,56.3817464491134,Bajo,0.882859681478426,5743,1588,8.34,98.5484,36.5239,83.6902,26.9521,48.2997
14005,Amatitán,145.39644488318393,20.803533946974188,-103.71203243307697,4.198093,0.116539,0.042314,17.7343,1075.4579,8.995964871,1.94497154,0.28503563,0.61669829,63.46327,Bajo,1027,3.6292383711024,31.4363605384222,0.243783520234032,0.195026816187226,0.962944904924427,1.23110677718186,23.1263389587402,26.137052759248,65.588052271313,58.2852514149864,Muy bajo,0.912665920087582,16490,4213,9.2,99.2393,47.7095,89.1052,31.4265,56.3731
14006,Ameca,824.3428683549809,20.50447383948192,-104.08928006684688,32.791049,0.101485,0.407045,141.4036,2341.662,19.10798926,3.80332363,1.01918122,1.36485638,60.80341,Alto,355,3.70785529034243,34.4078171761665,0.579153801218393,0.215301421990787,0.54409506642633,0.889593590920471,14.2387542724609,37.2851323154374,67.2704918032787,58.3850413147151,Muy bajo,0.914228491037184,60386,17361,9.06,98.8957,50.6998,85.957,36.6857,60.3306
14007,San Juanito de Escobedo,225.44491675910288,20.767702137219157,-104.00209368186646,0.862365,0.544941,-0.058627,0.7287,77.2501,17.36801836,2.98051204,1.03607061,1.49196634,61.08889,Alto,408,4.02919708029197,37.8978102189781,0.106100795755968,0.212201591511936,0.318302387267904,1.27320954907162,19.3536262512207,40.686950068907,68.4610705596107,57.9549402790243,Muy bajo,0.907493707400849,9433,2665,8.67,98.998,35.8724,87.7674,31.7073,59.8124
14008,Arandas,1148.561696251777,20.722488928085195,-102.35813326204845,25.265935,0.124052,0.423564,113.5695,1408.8935,5.421094936,1.91122622,0.2241047,0.82611414,63.903,Bajo,1253,6.39549756971092,45.6319301325649,0.563608087091757,0.267496111975117,0.864696734059098,0.583514774494557,13.8584690093994,26.003299879666,65.9592069604907,57.9494689342465,Muy bajo,0.907408033756238,80609,22770,8.1,99.412,53.2016,91.8357,34.3259,66.065
14009,El Arenal,103.0744668391551,20.71836003011721,-103.68163632223023,1.864835,0.29681,0.088828,11.7458,556.2775,6.754155731,1.44775859,0.45406916,1.39835693,63.36859,Bajo,982,2.97109207708779,31.0096522017225,0.132726583238529,0.303375047402351,0.592529389457717,0.512091038406828,16.1495056152344,41.0940089983424,58.7608669033917,58.793772716188,Muy bajo,0.920628655942332,21115,5681,9.28,98.2996,48.1077,91.6212,33.7441,54.1102
14010,Atemajac de Brizuela,488.3570407955667,20.14695843446895,-103.74141869946183,0.721939,0.236703,-0.010061,2.2672,292.2403,12.66631187,1.01117616,0.0,0.63863757,63.57129,Bajo,1084,7.61139797284376,49.4358385924651,1.27890453429789,1.09804934762951,1.45975972096628,4.50846143909056,29.531681060791,17.066254189224,73.4190782422294,56.186967637558,Bajo,0.879809716368108,7758,1820,7.64,97.9683,34.6703,82.967,14.9451,42.4176
14011,Atengo,395.2577819837979,20.299956765281323,-104.29873071336912,1.088666,0.730404,-0.082244,0.3701,66.1011,15.62082777,2.13618158,0.40106952,1.93591455,62.14894,Medio,609,6.93556320708313,47.56517461879,3.80697050938338,1.25111706881144,1.28686327077748,3.84271671134942,23.2481994628906,100.0,82.8852459016394,54.6486400613693,Bajo,0.855721647454719,5599,1530,7.66,96.9913,20.5229,81.1765,15.1634,52.549
14012,Atenguillo,509.75003303964746,20.324830745585153,-104.58311963740566,2.586635,0.104711,-0.009979,10.1748,2436.4943,25.32418002,4.42410374,1.52905199,3.12738368,58.82067,Muy alto,125,4.40762738355736,42.799135038978,0.35953978906999,0.335570469798658,0.0958772770853308,0.814956855225312,11.5267171859741,100.0,58.9057043073341,57.5300838859949,Muy bajo,0.900841047569488,4176,1311,8.05,98.3963,21.3577,88.8635,27.3074,68.1159
14013,Atotonilco el Alto,505.40032678021834,20.512310915325855,-102.53618019523498,19.508643,0.116037,0.209967,80.2591,1253.8721,8.484987657,1.07354039,0.34488705,0.72908893,63.56318,Bajo,1080,5.27901834106578,44.4945430465486,0.492595332147747,0.0897058592090147,0.467414740089076,1.15830723469886,17.0803337097168,36.4105047727663,57.0690964312832,58.192501513986,Muy bajo,0.911213585720319,64009,17398,8.24,99.1394,45.1374,89.1252,30.8254,59.5298
14014,Atoyac,384.4218793347276,19.95138649441974,-103.4619555109407,1.940278,0.608704,-0.129275,1.6536,190.3096,19.64774951,3.51974971,0.31360251,2.22917481,61.47931,Alto,478,7.18027734976888,53.9552168745339,0.589595375722543,0.566473988439306,0.84393063583815,6.76300578034682,19.5334129333496,37.9790539762919,76.2235737040255,56.2831263917451,Bajo,0.881315428632087,8689,2535,7.43,99.3733,35.3846,76.213,20.6312,47.929
14015,Autlán de Navarro,703.6517600161017,19.730204746734607,-104.32657619076282,18.261696,0.076815,0.080843,78.251,1205.1408,12.62468992,1.92317825,0.54956669,1.46477686,62.46605,Medio,676,3.37728907444918,31.3676856617267,0.470372727696105,0.371020072341152,1.33970846205194,2.84720712888502,14.0752515792847,19.8857248463754,64.5509790681972,58.6789279598896,Muy bajo,0.918830346891077,64931,18887,9.74,99.1536,60.0254,91.015,42.696,55.5673
14016,Ayotlán,341.3277044159666,20.45273934377552,-102.3362894335529,12.306489,0.141991,0.143052,49.128,1182.3258,9.502100653,1.88611782,0.55610369,1.57325467,62.79345,Medio,773,7.9296066252588,57.8601770270907,0.455905055962949,0.103724430721729,0.328058664608259,1.17485284184117,21.9268798828125,45.3263380824028,72.7162514396557,56.5231794872051,Bajo,0.885074326018974,41552,10738,7.07,98.8998,40.1565,84.3826,21.4379,51.0523
14017,Ayutla,922.0485296912274,20.04190959341399,-104.47160427353747,14.168893,0.572261,-0.772445,10.5688,820.559,25.67529936,4.92487479,0.50223214,1.89204229,60.38691,Alto,281,4.92241840556447,40.9737827715356,1.376574895007,0.52885363198009,0.622180743505989,2.66759993778193,16.7043533325195,42.0108695652174,72.4485228290063,57.3527331443888,Muy bajo,0.898063981779487,12880,3539,8.14,98.6022,36.7053,82.2549,27.3524,63.7186
14018,La Barca,345.9776845383837,20.346308971968774,-102.50318009428368,27.221078,0.089578,0.172808,107.3096,1579.5458,12.66010133,2.38325465,0.2282063,1.75189125,62.72558,Medio,749,5.16350768730172,43.0976734385094,0.25093362067693,0.0856126470544821,0.44430011661033,1.11744213509684,17.7618179321289,42.9177031661687,69.2273698166016,57.6883100108335,Muy bajo,0.903318648477127,67937,17717,8.4,98.4991,48.8457,87.0407,30.4566,55.9463
14019,Bolaños,991.704906426988,21.831849615703458,-103.9403728668279,0.503499,0.147172,-0.001658,1.7478,248.1613,4.841713222,0.93052109,0.24875622,0.62073246,64.16407,Bajo,1431,14.5695364238411,53.003784295175,37.6255168340224,19.9054932073243,18.2516243354991,28.8393384524513,41.5841598510742,100.0,63.9792899408284,41.1824696936993,Muy alto,0.644860160709797,7043,1617,7.21,95.1624,22.6964,74.8918,15.5226,33.457
14020,Cabo Corrientes,1481.035004236081,20.356248559003905,-105.40407304671884,1.482299,0.118921,0.005422,6.0402,552.1207,7.341206511,0.6377551,0.63877355,0.6377551,63.409,Bajo,1002,4.35615738375064,49.4839133508014,3.30206033848418,2.3270787343635,3.6055923473142,5.01287711552612,23.7899398803711,100.0,68.9496667432774,54.9283691215401,Bajo,0.860101815230926,10940,3182,7.71,98.9553,24.7329,80.2954,16.1534,37.775
14021,Casimiro Castillo,621.8070703958325,19.579702860337733,-104.46432244986141,11.680563,0.17403,0.307143,53.3021,2594.0286,14.52384882,2.11255983,0.49644216,0.59454996,62.52554,Medio,694,5.71390516782099,44.0228181121005,0.698549167114455,0.556830948077956,0.771823555273313,1.16750525133115,17.1221866607666,43.8242164687561,65.5600100225507,57.5324544784367,Muy bajo,0.900878167747912,20548,6239,8.13,99.3339,37.9869,83.3467,24.1225,52.9091
14022,Cihuatlán,423.49759163674867,19.284951227894037,-104.6388267332123,10.821629,0.15963,0.224997,44.5069,1108.8194,9.18454205,1.27681307,0.29906861,1.0640109,63.41489,Bajo,1005,5.35832491377208,41.7113376253886,0.501474182899478,0.272156842980621,1.6631807071038,2.67170762444865,25.7942771911621,35.8603851615636,66.1582990092397,57.2619110540223,Muy bajo,0.896641834243767,40139,11530,8.43,99.0801,39.1154,88.7164,24.4146,42.4805
14023,Zapotlán el Grande,218.67921321463393,19.670863965936952,-103.5206933047044,18.689822,0.133065,0.343704,80.2198,696.7093,4.363158401,0.69780097,0.25635274,0.74939952,64.21386,Bajo,1463,2.70129517253872,26.0473772552955,0.0590787246049661,0.104929018605061,0.509664221218962,1.36936778061899,12.5393943786621,2.74967214111394,54.1168794855066,59.9441552048355,Muy bajo,0.9386420446979,115141,31449,10.55,99.0516,66.9687,91.0744,48.771,58.2721
14024,Cocula,285.775892630616,20.361313082069202,-103.830802988489,2.600131,0.981053,1.066808,72.0535,2461.9367,14.87405542,2.42920076,1.40275496,1.57331655,60.96659,Alto,382,4.50279691183949,37.8540834854245,0.676766635748394,0.226733999793878,0.281699817925727,2.04747672541138,17.4793243408203,43.4516691153859,67.1072444370085,57.8695963384277,Muy bajo,0.906157340066445,29267,8131,8.61,98.96,41.3725,87.7137,29.9225,57.1885
14025,Colotlán,456.33945909525664,22.026059436911083,-103.29784743720485,11.09893,0.167358,0.223707,46.5318,2363.3399,18.4938704,2.60763038,0.98176718,2.32761638,60.86373,Alto,366,3.27032907261354,32.9752515637748,0.946388377327604,0.445058317986495,0.567833026396562,1.00266011868222,14.0458278656006,23.1601401797958,73.1418918918919,58.3835945582496,Muy bajo,0.914205836844422,19689,5721,9.7,99.1333,55.7595,89.6696,47.5966,61.4927
14026,Concepción de Buenos Aires,226.61491102360574,19.93119859796833,-103.26375232761237,2.0233,0.229888,-0.047844,5.8073,916.8456,13.08155446,1.7515052,1.53592979,2.57534247,60.83755,Alto,364,7.26886291179596,50.4251700680272,0.428979980934223,0.254210359072132,0.206545916746107,3.32062281537973,13.4312124252319,19.2769182191348,58.1908019764348,58.0194070999676,Muy bajo,0.908503168096701,6334,1847,7.56,99.2731,56.091,87.5474,24.7428,56.1451
14027,Cuautitlán de García Barragán,1312.4900180699287,19.425994500726656,-104.31610002217325,2.17892,0.620328,-0.147469,1.1732,63.865,9.270455462,1.16888351,0.32264569,1.24949617,63.34127,Bajo,968,11.8125484120837,49.9004851633877,16.9977081741788,5.6313434464695,3.37771472225254,20.8447015169704,30.741189956665,100.0,80.1924927815207,49.6395203501102,Alto,0.777285804096075,18370,4961,7.34,99.0258,19.2098,51.9452,11.3082,35.3759
14028,Cuautla,527.0695592407246,20.19334478024286,-104.53863517271814,1.356013,0.212641,0.04392,6.6846,3086.1496,45.21354934,8.24742268,0.5899705,4.56553756,56.70487,Muy alto,37,6.52837095790116,50.3965832824893,1.75519630484988,1.57043879907621,1.43187066974596,2.26327944572748,12.0943956375122,100.0,69.185360094451,55.9206484653493,Bajo,0.875639528774505,2166,678,7.46,99.061,28.7611,84.6608,27.1386,68.4366
14029,Cuquío,749.1655333141047,20.891379043473588,-103.07724020727437,9.270456,0.117856,0.0632,36.5541,2051.2963,16.58902167,2.99534507,1.35902637,2.34770289,60.51398,Alto,302,7.73480662983425,53.4851369240541,1.64044943820225,0.314606741573034,2.97752808988764,2.10112359550562,14.7937412261963,71.8799102132435,78.0771683673469,55.895252008151,Bajo,0.875241855599677,17820,4923,7.27,99.0637,32.4396,87.5279,18.8097,64.1682
14030,Chapala,614.7446828598435,20.226606547683705,-103.2126249063515,12.335272,0.222816,0.336695,50.882,921.8422,8.800968914,1.06139997,0.57200538,1.74660755,62.9481,Medio,837,2.56490234656174,32.0452008411219,0.250301457960317,0.328863229436913,0.464062557094311,1.32829057955127,16.2596645355225,10.4808319443438,65.0195491223692,59.0080061263008,Muy bajo,0.923983252990598,55196,16339,9.96,98.8504,63.5535,92.2517,51.1231,58.6878
14031,Chimaltitán,571.9574256755454,21.674824606224767,-103.66688171761805,0.010887,3.02081,2.2e-05,0.0,,20.53872054,4.71380471,0.79096045,1.68350168,60.69292,Alto,330,12.156497438286,56.8700512342804,15.4907975460123,8.34355828220859,7.17791411042945,7.02453987730061,29.3918914794922,100.0,77.0764119601329,49.6121121567291,Alto,0.776856629932408,3270,891,6.71,99.2308,18.743,76.3187,15.0393,42.4242
14032,Chiquilistlán,297.16277257143213,20.02750682757876,-103.91435160286389,2.160718,0.584383,-0.147549,1.1763,196.6071,17.83606557,2.29508197,0.98749177,1.57377049,61.19498,Alto,429,7.11472181191531,40.1526341703594,2.14477211796247,0.619973190348525,0.720509383378016,5.6970509383378,25.8879776000977,100.0,80.2475502836514,55.1020742789416,Bajo,0.862821796245936,5983,1468,7.94,96.4331,8.8556,81.5395,15.5313,48.3651
14033,Degollado,301.60211087961346,20.42530357451346,-102.1634333621409,24.509514,0.175015,0.487578,97.7869,4606.9396,20.3709893,7.00200535,0.87219054,4.74916388,59.35956,Alto,171,6.8733064569427,55.6179775280899,0.793800793800794,0.198450198450198,0.996975996975997,0.732375732375732,16.7454414367676,45.2935079619335,69.9599120651752,56.9801420466151,Muy bajo,0.892229723732886,21226,5934,7.15,97.9383,40.8999,84.5804,26.2386,65.2679
14034,Ejutla,272.10333072306963,19.880633110954896,-104.10682059990245,0.960358,0.514116,0.03241,3.6076,1821.1005,24.20574887,2.57186082,0.91324201,3.93343419,59.85731,Alto,213,6.37191157347204,46.7490247074122,0.871794871794872,0.512820512820513,0.615384615384615,0.769230769230769,8.81458950042725,100.0,73.1931668856767,56.6053400806101,Muy bajo,0.886360846566703,1981,659,7.8,98.9822,34.2944,80.4249,25.3414,56.6009
14035,Encarnación de Díaz,1227.294374202452,21.52556330414506,-102.24745481799744,17.99328,0.134973,0.336631,79.7484,1503.5804,13.19228376,2.77259213,0.97141271,1.57643642,61.66752,Medio,510,5.6828934917464,47.887057548925,0.978004342490324,0.315302558293213,0.945907674879637,0.651324359531046,16.3002643585205,47.523520428364,67.4974707992274,57.3853356938327,Muy bajo,0.898574492329978,53039,14385,7.68,99.1846,37.9284,89.6489,30.0104,63.7817
14036,Etzatlán,321.9055485085437,20.691406565643295,-104.14257312393558,5.084061,0.133698,-0.040989,18.6091,929.9435,14.47318372,2.73868391,1.14394662,1.63560289,61.28244,Alto,444,2.66034233862652,32.4534268234,0.155771066780564,0.145721320536656,0.306517260439174,0.733631475805236,18.7220573425293,26.5553945330068,63.1348191450493,58.7912743363854,Muy bajo,0.920589534791683,20011,5377,9.42,99.4468,47.6474,89.8084,39.576,58.1737
14037,El Grullo,182.63041180401632,19.788680425444916,-104.21437605369076,20.644455,0.088971,0.204144,86.7079,3345.2122,14.90775909,1.60065111,0.46283692,1.27509495,62.42565,Medio,674,3.45930080192882,35.3441209588309,0.197483059051307,0.139399806389158,0.758954501452081,1.2546468401487,17.6178321838379,12.2762345679012,67.4517804154303,58.650684268875,Muy bajo,0.918388089997253,25920,7458,9.22,99.2572,58.7423,89.7962,39.4342,57.321
14038,Guachinango,812.4424500121398,20.65259175255326,-104.43067342268783,1.789828,0.128317,0.02417,8.1628,1943.9867,30.21978022,2.27629513,0.39370079,1.7282011,60.51051,Alto,301,7.46649649010849,42.3465113211381,3.69127516778524,1.43815915627996,1.3183125599233,2.06136145733461,16.4426879882812,100.0,65.3538050734312,55.7832171221202,Bajo,0.873487545206243,4199,1270,7.77,99.2691,32.9921,77.9528,25.748,62.6772
14039,Guadalajara,219.51706291732185,20.63073703805478,-103.36633189546292,159.20838,0.092235,1.856265,667.4487,481.6937,3.573318698,0.83808818,0.27548613,0.63583392,64.28681,Bajo,1511,1.52571757421024,21.9223649800939,0.0104067435698333,0.0256878036782315,0.0491220971569586,0.62892440897773,8.66957378387451,0.00057735512175337,48.5736840551288,60.7642604388961,Muy bajo,0.951483751301916,1385629,398543,10.96,98.546,75.2667,92.5511,56.2333,56.7811
14040,Hostotipaquillo,818.2594217827915,21.005643014588635,-104.08636995121365,0.757035,0.814786,-0.06345,0.1784,20.4306,11.2687813,2.5010421,0.41684035,1.04210088,62.81387,Medio,780,6.15731785944552,45.5834945196647,1.58148063259225,0.389640155856062,3.00252120100848,3.20880128352051,25.4663772583008,100.0,81.9460281261878,55.1287492832085,Bajo,0.863239489688471,8732,2306,7.5,98.3432,21.2056,83.6947,14.137,47.9185
14041,Huejúcar,363.20395638912277,22.232931866138813,-103.24887958722363,4.233138,0.168517,0.034414,16.5938,2803.0068,29.48294829,5.22552255,0.44370494,5.0660793,59.09385,Alto,140,4.95445456565208,49.7889357920462,0.593824228028504,0.101798439090601,0.254496097726502,0.390227349847302,11.6252822875977,100.0,82.7519379844961,56.41309984568,Bajo,0.883350632033336,5920,1779,7.76,99.2098,31.0287,80.2698,29.2299,63.8561
14042,Huejuquilla el Alto,575.4949564812339,22.509203171345746,-103.9361615769302,5.394568,0.206995,-0.094311,18.4337,1840.6091,30.4678585,4.79269684,2.25621415,2.89083302,57.27312,Muy alto,48,8.07552650689906,47.0801859384079,7.18659038442236,2.39887584061026,7.68844725484292,3.0713640469738,22.8070182800293,40.599101347978,74.6273493195075,54.5872290457939,Medio,0.854760036418085,10015,2691,7.71,98.5879,16.9082,85.5444,24.7492,65.2917
14043,La Huerta,1880.519568346714,19.519218355092384,-104.88740296232415,9.188805,0.13116,0.103007,36.9441,1588.447,21.98930782,3.13731007,1.04284104,1.39475909,60.54751,Alto,306,6.26977966202902,45.8119887387094,1.45127255501486,0.81391843589854,2.39007794668619,3.41501227337324,18.8036632537842,65.8010147046178,60.242825607064,56.7307347344086,Muy bajo,0.88832435233025,23258,7002,7.89,99.0037,37.7035,85.4756,23.8218,55.8555
14044,Ixtlahuacán de los Membrillos,225.03226750515088,20.363987336256535,-103.23681325328302,3.214754,0.132937,0.030426,12.77,187.8798,4.920308483,0.85193739,0.16962221,0.33358994,64.35232,Bajo,1567,2.33830107481291,32.8930192024152,0.138616489463672,0.235942960789229,0.300827275006267,0.721100673912082,25.4923858642578,39.1090055760714,65.5752808192481,58.1843604514573,Muy bajo,0.911086108011243,67969,19707,9.01,98.3448,48.6477,93.5353,26.4982,37.6516
14045,Ixtlahuacán del Río,624.9735351890795,20.86485641280223,-103.26534755111511,6.436051,0.163558,0.020059,23.3932,1143.0833,15.70928196,4.20021001,0.93047753,2.52189142,60.92223,Alto,376,6.17377004248321,50.4174494980037,1.11192750428606,0.631888317413666,2.80675973548861,2.00401783526875,16.7305011749268,66.3718543855363,72.1963824289406,56.4021063349792,Bajo,0.883178488955712,20465,5758,7.6,98.5713,35.6895,85.4637,24.1403,66.273
14046,Jalostotitlán,520.1985961213651,21.14228281998978,-102.54010836758044,13.144562,0.328303,0.636756,67.1807,2055.8388,13.66601435,3.37029789,0.57847632,1.04370515,62.17407,Medio,616,4.41634989108615,47.6916798321266,0.476571147460337,0.298241298733243,0.445824621817735,0.599557250030746,12.6512775421143,23.8325478915478,67.8459059166603,58.2101957226458,Muy bajo,0.91149065240245,32678,8931,7.96,99.0717,52.7377,89.8668,31.665,62.6246
14047,Jamay,163.79739648160248,20.259073796464214,-102.67869272901558,6.476017,0.135877,-0.028375,23.8066,956.3188,8.605193076,1.44806924,1.3,1.83089214,61.92239,Medio,563,4.63190870440815,43.477287983889,0.196270853778214,0.110402355250245,0.727837749427543,1.22669283611384,22.8129539489746,25.255081545754,71.0734101579172,57.690577793034,Muy bajo,0.903354158790255,24894,6227,8.28,98.4763,46.7802,86.5425,26.8508,49.1248
14048,Jesús María,679.1435973463499,20.594310824707524,-102.1383595597236,5.621287,0.240972,0.180251,30.5443,1609.1192,20.12241775,6.95718654,1.4225298,4.22723795,58.8164,Muy alto,124,9.97073884418435,62.289685442575,0.956861915838444,0.539226052019454,0.592091351237048,0.724254599281032,15.0138502120972,50.2897481824887,75.3255042124075,56.1135908102014,Bajo,0.878660737372106,18982,5419,6.5,98.9285,37.9959,90.3857,24.3956,67.2264
14049,Jilotlán de los Dolores,1148.886886809374,19.31012291010671,-102.89735996987577,1.034091,1.289821,-0.180087,3.348,355.2255,24.33697348,6.12324493,0.39077765,1.48205928,60.59371,Alto,313,11.1503383348044,59.2765291770847,4.26383173296754,2.3891175125743,2.68632830361225,5.71559213534522,21.0133533477783,100.0,69.8630136986301,53.7635807841454,Medio,0.841862850932965,9425,2551,6.39,99.4353,38.4555,84.9079,17.4441,61.2309
14050,Jocotepec,296.51332948382753,20.26889134409319,-103.44239960457395,13.225857,0.194532,0.373939,60.7389,1289.4364,9.398496241,2.00501253,0.0,1.4874552,63.5403,Bajo,1066,4.36745628028775,46.6403756999217,0.457675691860216,0.267333932161341,1.07361307155995,2.63912057829676,25.0226974487305,38.9894915614054,60.3291213635028,57.5185138592717,Muy bajo,0.900659877053303,47105,11057,8.27,99.2873,43.9179,91.7247,30.5779,47.2551
14051,Juanacatlán,110.45576569700492,20.450819435513434,-103.16017684324228,0.858005,0.130986,0.00793,3.8435,124.5665,5.056438609,1.09233069,0.47142693,0.87386455,63.74818,Bajo,1172,2.0739963764661,29.0069989881374,0.191372040220564,0.110282192669478,0.502757054816737,0.642231592604606,16.0496673583984,14.8889969210825,59.5502920700968,59.408009890115,Muy bajo,0.930246755236486,30855,8701,9.1,98.3625,38.7082,93.0468,28.445,48.6266
14052,Juchitlán,222.85412545280926,20.01304864345095,-104.06637677023053,2.259762,0.122887,-0.000921,9.5751,1730.2313,24.98398463,4.61242793,0.19230769,1.53747598,61.02671,Alto,398,4.66818067120868,45.0668685339389,1.88474084813338,0.289960130482059,0.706777818050018,0.634287785429503,17.6029968261719,100.0,76.8352365415987,56.2586268931912,Bajo,0.88093180058131,5534,1603,7.98,98.4574,31.8153,84.9033,25.2027,57.3924
14053,Lagos de Moreno,2499.9903626406444,21.463900006551494,-101.92290809291435,34.67665,0.150173,0.658744,146.0373,847.0694,10.49838276,2.02655008,0.32191781,1.18632876,63.06974,Medio,870,4.79684750792583,35.8623307376201,1.41981810035321,0.271743874124979,1.17891453742443,0.933372126854815,17.9699306488037,35.2859288991491,71.9481030076666,57.7071595290716,Muy bajo,0.90361380569938,172403,45022,8.94,98.6146,50.4198,89.6873,36.0957,57.2631
14054,El Limón,157.06898058846556,19.81600415750965,-104.1149812384717,0.320939,0.47195,-0.005995,1.0869,202.4776,23.41247929,4.99451153,0.38610039,3.84193194,60.248,Alto,266,4.26944971537002,42.4393765437103,0.242899850523169,0.0560538116591928,0.373692077727952,0.953092879835545,10.5645608901978,100.0,71.5479331574318,57.1860330566606,Muy bajo,0.895453690406427,5368,1790,8.46,99.5912,47.0391,81.7877,33.5196,63.1844
14055,Magdalena,316.712517500245,20.862721581628854,-104.05886968606161,9.610581,0.163016,0.220057,42.86,1967.7701,14.89613241,2.97096556,0.88031149,2.00877785,61.437,Alto,467,3.52825873897419,36.8661787767904,0.266605378074006,0.252815444725351,0.85497586761664,0.57917720064353,21.3504276275635,22.533400670309,68.719498024634,58.2058392980785,Muy bajo,0.911422436856672,21781,5855,8.79,98.1357,44.6456,90.1793,30.0427,51.5628
14056,Santa María del Oro,561.6365918514633,19.701961778814997,-103.73602546045778,0.028148,3.197078,-0.574967,0.057,31.405,24.08376963,1.91972077,0.6993007,1.91972077,60.82379,Alto,361,17.0333569907736,61.1071682044003,15.0745444505798,3.47874102705687,5.52181115405853,7.5096631695196,20.1401042938232,100.0,80.1815431164902,50.6407720750318,Alto,0.792964012640782,1815,573,6.17,99.6983,15.5323,52.8796,16.0558,55.6719
14057,La Manzanilla de la Paz,155.48430060584465,19.980839104803767,-103.14304369917282,2.210469,0.286469,-0.076249,5.323,1298.6094,13.44,1.35891287,0.40032026,3.67705835,62.0533,Medio,587,4.48676565526146,47.2595082988885,0.293901542983101,0.0244618395303327,0.538819495469018,1.05314719568944,10.1449279785156,100.0,61.7699115044248,57.3915315528247,Muy bajo,0.898671510858858,4099,1248,7.95,98.2578,57.0513,87.0192,28.2853,61.7788
14058,Mascota,1577.1322833318231,20.581877995519594,-104.80497726184633,7.798018,0.171617,0.184047,33.237,2299.9792,17.77933942,2.76411338,0.61422159,2.55329117,61.34002,Alto,451,3.42377260981912,35.9852330410706,0.669082798996376,1.2545302481182,0.229997212155004,1.07324552233605,13.9464492797852,35.8383502871774,65.0327319176114,58.2255869608959,Muy bajo,0.911731657773067,14451,4312,8.92,99.5581,45.872,86.3404,36.1549,65.2365
14059,Mazamitla,353.45148035233865,19.864937500046207,-103.07181719451009,3.893101,0.490905,0.269077,22.1285,1575.7673,9.068010076,2.01342282,0.64552344,0.75566751,62.93026,Medio,826,5.61396548303908,40.8064294945039,0.639551595286002,0.301724137931034,0.193965517241379,2.04081632653061,17.9522380828857,42.0209356975005,62.058091286307,57.8239662753763,Muy bajo,0.905442836783583,14043,3676,8.46,99.3506,52.3939,87.568,28.2644,62.296
14060,Mexticacán,145.2022483326074,21.20649879229282,-102.78573641905966,1.738418,0.137009,-0.021492,6.0109,1132.6361,15.59238797,1.10091743,0.0,0.61312078,63.22581,Bajo,927,7.44245524296675,52.4040920716113,0.699697428139183,0.132375189107413,1.00226928895613,1.09682299546142,14.8831491470337,100.0,72.9498164014688,56.0956584960145,Bajo,0.878379942288798,5307,1634,7.25,98.4,28.3966,85.1897,20.3182,57.5275
14061,Mezquitic,3089.892804383254,22.182927167550343,-103.96738137242616,1.832485,0.094708,-0.012471,6.639,300.6385,9.856745777,2.35768904,0.59536466,0.65887354,62.87261,Medio,800,24.7465145754119,63.0478462521437,60.4156712852365,30.7265774378585,31.0129001433349,46.0769782452785,37.4893608093262,100.0,79.9632352941177,31.3056684364792,Muy alto,0.490203198817972,22083,4715,5.94,97.0723,7.0626,56.3733,12.2587,22.8844
14062,Mixtlán,656.6320774914918,20.484825976797847,-104.4765366916141,2.20815,0.244987,0.053832,9.5743,2631.7482,31.18081181,5.25830258,0.0,3.22878229,59.98554,Alto,232,4.90483162518302,46.9425119004028,2.85081649598671,0.470523110988099,0.941046221976197,2.241904234708,13.1652660369873,100.0,71.2080536912752,56.3081326261795,Bajo,0.881706991461515,3638,1079,7.66,99.3342,24.6525,78.684,23.633,64.9676
14063,Ocotlán,382.23543188465595,20.353787676801776,-102.73013906771803,19.43318,0.109238,0.263461,80.5469,759.5182,6.671679541,1.34664024,0.40027369,0.77243831,63.63982,Bajo,1117,3.27327211955895,34.3497393672778,0.225293449450966,0.219603388707464,1.28922334232571,1.38292031880052,16.304235458374,10.4403583215464,66.3198655347759,58.7587782029387,Muy bajo,0.920080690567606,106050,29112,9.42,98.5566,61.0882,90.619,39.1591,54.2182
14064,Ojuelos de Jalisco,1364.712454077653,21.803480110294494,-101.76770202189081,34.523407,0.240106,1.277129,167.9677,5000.8247,17.70699145,8.36746635,3.21479039,3.31498184,56.74473,Muy alto,38,6.11691661929955,46.3775086353898,5.33392963625522,0.825879546809779,3.81335718545021,1.88431723315444,22.1323356628418,40.8747171608908,73.5466536394724,55.984986616106,Bajo,0.87664697467431,33588,8292,7.74,98.1118,30.439,87.289,21.1167,47.2745
14065,Pihuamo,710.890382631092,19.117817667071662,-103.38500363136487,3.684258,0.394519,-0.132561,12.0196,1055.6473,24.56776352,2.6491913,2.20670391,1.617401,58.74194,Muy alto,119,9.85099337748344,56.3623462630085,0.584225900681597,0.973709834469328,0.247853412410374,3.60272638753651,14.3220338821411,41.4368522747233,73.1072921504877,56.3239905529311,Bajo,0.881955304524563,11386,3560,6.89,98.7771,34.2978,81.4607,18.3989,51.7416
14066,Poncitlán,625.1054490092673,20.276978363151475,-102.95602758096605,13.108459,0.124317,0.150684,52.9794,987.3348,11.66072008,3.19493999,0.31826342,1.32176452,62.70076,Medio,743,5.24119512602237,43.2092747418086,1.1023563100073,0.89086859688196,2.33010798974378,3.45305159925886,27.2948417663574,38.0010808997559,73.8759192537387,56.4942336993815,Bajo,0.884621075266248,53659,12367,8.18,98.8759,39.0879,85.7362,26.6192,43.6161
14067,Puerto Vallarta,719.5972627862519,20.700839486964917,-105.15271671185047,34.03314,0.163977,0.825278,145.6569,499.1002,5.125112701,0.81126892,0.22031594,0.97555834,64.0912,Bajo,1373,1.98838248436104,24.924493592409,0.156088484597891,0.152987388877403,1.37240713941148,1.38971685337505,18.4660301208496,6.28702812166982,50.7052478738851,59.7578031009193,Muy bajo,0.935724030101549,291839,86523,10.31,98.874,68.8441,95.1331,46.1646,49.0089
14068,Villa Purificación,1988.8763288365888,19.8005762315362,-104.7444965008805,6.705745,0.239167,-0.163387,16.8908,1494.3643,23.4182651,7.55148741,0.37302726,2.46277205,60.20374,Alto,260,7.33145032543289,50.6893140795867,3.86661936857041,2.14615111741752,0.62078751330259,3.86661936857041,18.572681427002,47.2264000707777,66.416169992226,56.0086274912701,Bajo,0.87701715787777,11303,3431,7.47,98.5218,37.1612,79.1023,19.6153,56.8639
14069,Quitupan,442.1499844387222,19.76431649680878,-102.86656297741837,2.28154,0.169107,-0.040535,7.6503,989.1777,21.92468619,3.51464435,0.08399832,2.09205021,61.55807,Medio,485,13.9328904786237,63.1106926779644,2.8913779630112,1.14613180515759,1.27637405574368,2.44855431101849,12.4053831100464,100.0,78.4769721842225,54.2105750843677,Medio,0.848862159581077,7734,2402,6.24,98.1918,23.647,75.0208,14.4463,63.0308
14070,El Salto,84.77007677718713,20.49087576647611,-103.26910960441305,14.59998,0.142251,0.146269,58.153,249.7423,3.976078039,0.88110276,0.3927175,0.31168205,64.16853,Bajo,1433,2.82904082329883,32.5648174277383,0.132334683965675,0.0964087731983611,2.13327148619581,2.48083097605123,20.9444580078125,8.06263205813135,64.8890841652447,58.6380879319378,Muy bajo,0.918190848891459,232852,59134,8.92,97.9303,44.5023,93.3033,30.0741,41.8152
14071,San Cristóbal de la Barranca,482.84203899713566,20.97459113682647,-103.49495366227386,0.029407,1.106352,-0.004623,0.0788,26.9494,14.23312883,2.08333333,1.3546798,1.59509202,61.15755,Alto,420,8.16130580892943,53.4325492078733,1.72057811424639,0.447350309704061,8.46524432209222,2.64969029593944,22.7832508087158,100.0,80.062630480167,54.382333089295,Medio,0.851551650898241,2924,815,6.84,96.5829,10.4294,81.227,10.6748,63.8037
14072,San Diego de Alejandría,342.37495438293035,20.94199054368305,-102.05702552573459,0.337889,0.834679,0.050407,4.2269,555.5132,19.96966633,5.05050505,0.8109478,3.58585859,60.14674,Alto,253,5.26513726965024,55.2714136587281,1.41123714059615,0.382484832498022,1.13426536533896,0.435241361118438,19.0258750915527,20.8174530161651,67.798286090969,57.4509303493604,Muy bajo,0.899601613345787,7609,1980,7.24,98.9711,38.8384,87.6263,27.1717,66.6667
14073,San Juan de los Lagos,905.8723923971758,21.250281799177042,-102.34550783592226,14.756228,0.120973,-0.07722,58.7648,813.5788,6.388365203,1.27659574,0.75553157,0.86183679,63.19235,Bajo,916,4.13785019341226,45.4163573131179,0.818052811708729,0.123812306108537,1.42463618909819,0.467484765005426,17.570837020874,25.8770593936038,59.446461558061,58.2880559875209,Muy bajo,0.912709835790276,72230,18652,8.25,99.2207,53.4205,91.7328,34.5593,60.3152
14074,San Julián,222.5294003782179,20.95675417706637,-102.1851361343223,13.873584,0.191334,0.333667,61.3561,3653.8888,12.28840125,5.76441103,1.30088124,5.01253133,59.86777,Alto,215,5.05166475315729,50.9876999088357,0.490900383141762,0.107758620689655,0.981800766283525,0.562739463601533,12.3637886047363,13.530252501191,65.9206371000961,58.2926065820289,Muy bajo,0.912781091767094,16792,4784,7.54,99.1726,46.6764,89.8411,29.1597,69.8788
14075,San Marcos,318.7416603741497,20.766666369871015,-104.23350106073343,0.227795,0.551476,-0.012218,0.2549,67.2382,10.0,1.72910663,0.28929605,1.73076923,63.07074,Medio,871,4.09420289855072,33.9253352664009,0.452247938281458,0.319233838786911,1.46315509444001,0.931098696461825,20.01953125,100.0,71.0490463215259,56.8271336684126,Muy bajo,0.889833825475896,3791,1029,9.04,98.8537,33.7221,86.103,31.9728,55.4908
14076,San Martín de Bolaños,689.1402842197945,21.535249546272567,-103.7798755511974,0.770497,0.32173,-0.031837,1.6327,527.5283,22.62180974,5.91647332,0.81395349,1.39211137,60.29516,Alto,269,7.34542073454207,50.5811250581125,5.11734028683181,4.13950456323338,4.4980443285528,3.78096479791395,25.174825668335,100.0,78.5016286644951,53.3819718255399,Medio,0.835887385736125,3095,861,7.35,92.4925,19.1638,89.547,18.583,52.9617
14077,San Martín Hidalgo,396.60426641173905,20.41538835800233,-103.92322838927629,6.996595,0.124994,0.078664,30.2462,1076.3006,18.31782751,3.61581921,2.03978847,2.33844606,59.31417,Alto,164,3.72662006423578,37.7963606226879,1.23037304624629,0.339783254050574,1.24825637540685,0.904961190399542,16.4138603210449,68.5075795317059,66.9131800222875,57.5220420237496,Muy bajo,0.900715123198791,28102,8122,9.01,98.3327,47.2667,82.3443,33.9079,64.4176
14078,San Miguel el Alto,829.6087522508085,20.96161042870217,-102.38162769990852,16.578834,0.135356,0.118336,68.6997,2149.2163,11.27053923,4.23513076,0.91839107,1.6093551,61.69615,Medio,515,5.63057214576301,50.3592140569549,1.25752634219769,0.385700846660395,1.12581535373808,0.680506773707978,13.3242540359497,18.8956671359299,73.7095961413865,57.623208743836,Muy bajo,0.902299253239039,31965,8824,7.76,99.1382,54.8051,89.7779,31.1877,62.7833
14079,Gómez Farías,257.30331909047345,19.81709453407062,-103.41648110339182,3.959895,0.194549,0.098856,16.7297,1018.1791,9.176410778,0.71174377,0.50929463,0.88967972,63.28538,Bajo,946,6.50986980260395,41.0247795044099,0.220143093010457,0.324099553598728,0.538127560692228,5.91976516634051,23.147439956665,10.6749437039742,72.4662402274343,57.3301783256163,Muy bajo,0.897710804707625,16431,3937,8.41,99.2457,38.6081,84.9632,25.5525,46.8377
14080,San Sebastián del Oeste,1075.4769695392536,20.841644260952616,-104.82860711821583,1.685986,0.460046,-0.089726,2.2348,439.4023,27.61479592,6.05867347,0.64267352,2.23214286,59.68809,Alto,198,7.9093066174532,46.1683325882537,2.79913266311847,1.41927853341218,2.56258624088311,3.74531835205993,17.5984745025635,100.0,68.5096153846154,55.3418818201936,Bajo,0.866576848595669,5086,1578,7.54,99.1111,28.7072,69.455,18.948,51.9011
14081,Santa María de los Ángeles,247.78736212275015,22.109280995189685,-103.20732402516545,0.001673,1.159452,-0.000763,0.0,,30.91922006,4.91651206,0.46598322,3.33951763,59.43103,Alto,177,6.55676283252154,53.448275862069,3.41880341880342,0.598290598290598,0.455840455840456,0.997150997150997,16.6202411651611,100.0,88.5664028144239,55.1148062210707,Bajo,0.863021160740308,3515,1081,7.14,95.2981,31.8224,62.6272,21.4616,63.5523
14082,Sayula,324.1847393236809,19.846606948362318,-103.59013156606144,7.560861,0.148494,0.157402,33.5411,901.9819,5.707762557,1.43212951,0.13510705,0.56039851,64.1437,Bajo,1412,3.02885323126748,34.7104264444215,0.0761262608411952,0.247410347733884,0.413256844566488,3.61055979989669,17.863582611084,1.94696928951756,67.4104296825194,58.7429088079545,Muy bajo,0.919832197927995,37186,9439,9.31,98.6282,60.7903,89.056,39.5169,49.6345
14083,Tala,440.6116073086018,20.561000092442313,-103.70553680155597,15.379518,0.114729,0.003509,60.792,693.2603,10.5499031,1.15438951,0.96025283,1.34447674,62.33111,Medio,649,3.19544723649778,34.6936313402573,0.164451144305879,0.291215568041661,0.636106162349824,0.903390856451079,18.7650547027588,27.5333561409511,63.2346183303549,58.5579720860281,Muy bajo,0.916936346243781,87690,24941,8.93,98.9493,52.7485,91.6683,34.6738,46.5579
14084,Talpa de Allende,1863.227392096943,20.32738602383267,-104.97282115129445,5.050077,0.13541,0.084505,20.8808,1392.3318,10.24234111,2.12620027,0.06868132,1.05166895,63.4525,Bajo,1023,5.12425176854707,42.4995465263922,2.28154690218119,1.6258530710558,0.394754449350997,2.64953833801686,18.4078464508057,32.5731813029273,69.4104735026654,57.0865752530436,Muy bajo,0.893896319619746,14997,4393,8.18,99.0183,32.3697,80.173,23.2415,49.9203
14085,Tamazula de Gordiano,1456.3867191000943,19.646673761111234,-103.18490596970443,16.442499,0.102207,0.112657,65.46,1680.4005,13.88168137,1.53952603,0.26037146,2.14495762,62.57981,Medio,706,6.4,46.9260011798152,0.612872939703735,0.933653244314626,0.511162111412477,1.47350302524515,13.1898641586304,50.9356950327301,61.1323238973009,57.512424140821,Muy bajo,0.900564520537582,38955,11553,8.01,99.3946,55.3969,84.1686,31.732,58.184
14086,Tapalpa,601.9573479632401,19.908468548411413,-103.78341877562752,4.108967,0.256625,0.159425,22.7306,1069.927,4.40386681,0.8370895,1.13905008,0.73039742,63.02881,Medio,856,6.37870068640366,50.4402690147681,1.18179652132476,0.276387896116274,0.819633071241363,4.14105313319037,27.0578479766846,71.9698752647682,54.6885076744486,56.5667974647515,Muy bajo,0.885757322843098,21245,4831,7.75,99.2032,32.7054,87.6009,21.3827,56.8205
14087,Tecalitlán,1215.9409078977822,19.230644863689843,-103.21417962365894,1.941199,0.482405,-0.162871,3.9362,235.6301,17.68317642,1.96479738,0.84327437,2.51945924,61.19754,Alto,430,7.07029990325701,46.0012899064818,1.03825136612022,2.49544626593807,0.418943533697632,3.7765634486946,12.5979385375977,20.724334031727,71.8844984802432,56.9507872280508,Muy bajo,0.891770068128017,16705,4881,7.96,98.4379,39.664,85.085,26.3471,51.9771
14088,Tecolotlán,860.2324189066547,20.214865842926677,-104.02946812472962,9.496724,0.118025,0.163328,41.7658,2515.5574,14.27167289,2.28032239,0.51150895,1.96579516,62.12575,Medio,606,4.63888211877488,39.3782008650741,0.857798719342757,0.283919294430349,0.664491965688051,1.43771898030687,16.2189254760742,41.7695597181232,67.5084175084175,57.8511448403694,Muy bajo,0.905868415286273,16603,4998,8.49,99.0265,32.0328,87.435,30.8123,59.6038
14089,Techaluta de Montenegro,119.81926791757968,20.06752421821302,-103.58905169070283,0.069401,0.726383,-0.000848,0.2844,69.8428,18.43065693,1.64233577,1.09990834,2.00729927,60.97152,Alto,384,3.86834068544282,42.3820834747201,2.56536753823384,0.0740009866798224,2.09669462259497,2.9600394671929,18.4065933227539,100.0,81.335247666906,55.9364394093109,Bajo,0.875886792980283,4072,1096,8.16,97.6174,38.5036,81.5693,23.4489,48.4489
14090,Tenamaxtlán,313.2000845541594,20.129103439108803,-104.1925473627745,6.101803,0.466433,-0.085243,23.2787,3187.9896,18.70095902,5.14385353,0.48076923,4.05405405,60.58143,Alto,308,3.81486168866389,38.749385357485,0.48090134652377,0.0824402308326463,0.494641384995878,1.01676284693597,13.8741130828857,100.0,76.5502494654312,56.9529360653482,Muy bajo,0.891803715929504,7302,2259,8.56,99.3093,35.6352,82.9571,26.4719,59.6724
14091,Teocaltiche,900.7766566545157,21.437210145183247,-102.5962352825252,16.888704,0.114607,0.213897,72.9511,1831.1479,16.9643675,2.69304754,2.68610194,1.08088303,59.12789,Alto,146,5.29512373904848,49.022938159507,1.51252044796779,0.271800679501699,0.986535799672832,1.10985277463194,16.9329948425293,38.3016641983986,76.0784849935052,57.1148795594554,Muy bajo,0.894339525666331,39839,11045,7.57,98.9192,52.4129,84.9796,27.6234,55.799
14092,Teocuitatlán de Corona,365.03548124419854,20.065807042593093,-103.37107560024384,4.438195,0.409497,-0.20409,7.7633,703.2612,23.89570552,2.6993865,0.5237215,1.44171779,61.07387,Alto,407,5.7796650153338,51.77539223782,1.97440585009141,0.265154978513303,0.722120658135283,3.19012797074954,15.4551010131836,100.0,71.8120805369127,56.0448422210952,Bajo,0.877584230145868,11039,3277,7.52,99.3964,35.3982,85.1694,22.4901,53.2194
14093,Tepatitlán de Morelos,1561.0765414625566,20.771403708825527,-102.74101468904514,42.637529,0.134472,0.763995,189.7143,1263.162,3.748924783,1.73946287,0.18159228,1.10627927,64.10365,Bajo,1381,4.26330802810612,39.7319496298705,0.292964830842909,0.189290061937314,0.493625673885998,0.513688322285913,11.6995735168457,20.1524735335242,54.1307550067383,59.1237133258666,Muy bajo,0.925795066703137,150190,40868,8.84,99.2476,60.1498,92.8012,39.8258,67.5614
14094,Tequila,1678.0305422615604,21.076489885876146,-103.78890284172078,8.803302,0.117825,-0.045635,33.3451,751.8116,6.706618489,1.85070944,0.55693069,0.81959989,63.32928,Bajo,963,3.42782851344495,31.4781932329452,1.18834740487562,1.16344869734489,0.579460829806016,2.09601847031395,22.2132320404053,29.8469100173607,63.7241536014542,57.9676593594859,Muy bajo,0.907692870499409,44353,11140,9.23,98.679,51.912,89.7935,33.2496,53.1149
14095,Teuchitlán,162.16255010776163,20.645313846651426,-103.82834647177668,1.71829,0.598208,-0.109896,1.0905,113.0403,21.31740861,3.29352153,1.37981118,1.6286645,60.08962,Alto,242,4.27645192440337,37.2256728778468,0.228286811248314,0.36318356334959,0.0311300197156792,0.653730414029262,14.8763380050659,100.0,66.0039204704564,57.3013674111292,Muy bajo,0.897259665883643,9647,2711,8.63,98.5795,53.744,83.9543,33.235,57.8015
14096,Tizapán el Alto,160.73329679739768,20.090912276995354,-103.10253563464747,19.396144,0.171458,0.42861,84.2565,3702.2805,20.68908671,3.65974283,3.3553719,3.28058028,57.04131,Muy alto,42,6.70204887682054,51.9790599728109,0.792526343752767,0.420614539980519,0.938634552377579,1.60690571049137,18.5961570739746,28.2713770981633,74.3199006659894,57.0152420497042,Muy bajo,0.89277934093169,22758,6311,7.51,98.7724,46.0466,86.3413,22.3895,45.6663
14097,Tlajomulco de Zúñiga,606.57459947524,20.431531285911696,-103.44267587525805,22.641399,0.167175,0.564083,99.7958,137.1292,4.188362374,0.60356968,0.12378256,0.60315482,64.46528,Muy bajo,1660,1.59052731736541,24.0512915373537,0.0437909162767255,0.0751851744750464,0.396316651220691,0.735446019088543,14.0651302337646,11.667468223978,55.1674273992119,59.9504294537918,Muy bajo,0.938740290704524,727750,212301,10.11,98.4288,62.0996,95.4626,42.0568,47.402
14098,San Pedro Tlaquepaque,87.68019566428327,20.5348402750379,-103.40593086342666,39.572652,0.100294,0.024141,153.5918,223.5275,2.927161334,0.6536746,0.30934246,0.27732325,64.44796,Muy bajo,1646,2.25443788150772,25.5056386052665,0.0390735169690702,0.0740316397126867,0.572129437858958,2.30736119619622,13.8636808395386,1.19657646985201,49.5937870683288,60.0936135138161,Muy bajo,0.940982353811595,687127,185279,10.18,98.4845,66.5898,93.0672,48.1927,55.0527
14099,Tolimán,551.701151921841,19.512714654646704,-103.92420919050657,1.072236,0.47761,0.09598,9.2611,825.4836,28.07863501,3.26409496,0.11139993,1.89169139,60.91217,Alto,373,8.75717017208413,46.2419538053768,4.27235027485775,1.53341691580673,3.10541035779728,8.01427331468801,22.8735637664795,100.0,78.0887011615628,54.0856193248939,Medio,0.846905526291835,11219,2618,7.57,99.6237,26.929,79.7555,15.0497,50.3438
14100,Tomatlán,3024.545947650085,19.999154784290877,-105.1840932755779,4.250802,0.069841,-0.014952,15.4122,424.3915,18.74940334,3.57040573,0.87256688,2.53937947,60.75254,Alto,342,6.9090483984101,49.0492316928193,3.52684489615555,1.40852850198851,2.09898365002209,3.8907925279098,23.8569355010986,72.8989976869699,73.7224366943663,55.2807861176981,Bajo,0.865620174923037,36316,10378,7.76,99.6076,27.4908,85.6042,20.3411,52.1584
14101,Tonalá,181.0154219946012,20.568114963207996,-103.24428814663318,35.257999,0.150592,0.684625,145.821,255.8654,4.381921373,0.76785152,0.32237266,0.60987727,64.15135,Bajo,1425,2.12766473749985,26.9065489264799,0.0869511320470705,0.0726063372936253,0.604583786387479,2.06175706337777,14.9006929397583,3.42841802169805,59.0510324794734,59.6390450844693,Muy bajo,0.933864444842503,569913,150488,9.75,98.4833,63.419,93.4141,41.5488,51.5882
14102,Tonaya,256.4595450433749,19.8133807455288,-103.95959081897733,2.027744,0.266869,-0.030936,6.4017,1073.9305,26.1971831,1.8028169,0.45121263,2.02816901,60.89703,Alto,368,5.56040122110772,44.2045322138736,0.73813118604261,0.0167757087736957,0.285187049152827,0.637476933400436,14.2541437149048,100.0,73.2286480275756,56.7078140746701,Muy bajo,0.887965446698011,5961,1810,8.11,99.4703,40.2762,90.663,29.9448,61.8785
14103,Tonila,150.99908955251038,19.419078608548798,-103.52435540657082,0.061471,2.049096,-0.031582,0.2057,27.191,6.499327656,1.38826691,0.31404217,1.3434841,63.60771,Bajo,1098,4.60514796007704,41.6009809073393,0.132766861391397,0.106213489113117,0.318640467339352,1.95167286245353,16.3407821655273,100.0,76.8296795952783,56.6318364929324,Muy bajo,0.886775743507937,7565,2154,8.33,99.4216,34.2154,81.8013,26.6945,47.2145
14104,Totatiche,538.3014991460304,21.8953552415224,-103.46229964093399,0.244418,0.324333,0.002957,0.8078,193.2536,24.73684211,2.32732733,0.52710843,2.17717718,60.83321,Alto,362,5.88609608654152,46.4376590330789,2.33622350674374,1.51734104046243,1.5655105973025,1.75818882466281,14.4042234420776,100.0,77.524893314367,55.6579100639381,Bajo,0.87152541106814,4180,1329,7.8,98.3503,38.2995,84.1234,29.1949,62.453
14105,Tototlán,358.17457071571516,20.51436923417969,-102.78126841831295,10.69548,0.137674,0.189886,45.3643,1924.4178,14.08205291,1.37810866,1.73098301,1.56819262,60.8094,Alto,356,5.91054313099042,47.3048932015857,0.738495688551182,0.175019209425425,0.725689404934688,1.02450268931956,18.6561393737793,41.4202689517669,57.0482908301682,57.8106105633017,Muy bajo,0.905233704919979,23573,6478,7.75,98.9816,33.1584,89.4721,23.5875,57.0392
14106,Tuxcacuesco,531.1846807563139,19.650143104904533,-104.01997132477945,0.729685,0.395453,-0.032862,1.5375,280.4633,19.68992248,1.70542636,0.23328149,2.09302326,61.93215,Medio,565,10.8121827411168,54.0862944162437,3.16593886462882,1.17903930131004,0.305676855895196,4.23580786026201,18.0187206268311,100.0,74.5901639344262,54.6741648285152,Bajo,0.856121329784754,5482,1283,7.12,99.8206,28.7607,83.5542,20.7327,53.5464
14107,Tuxcueca,174.19800728568075,20.10664339706743,-103.25732125618242,0.107765,0.48023,-0.004719,0.3137,46.8069,16.39722864,1.44341801,1.38728324,1.84757506,60.90629,Alto,371,5.32962328767123,46.2526766595289,0.583221175414984,0.717810677433827,0.56826678630178,1.70480035890534,20.7310104370117,100.0,70.5312136487011,56.2111456884431,Bajo,0.880188310995758,6702,1755,8.03,99.0673,44.6154,87.9772,22.3362,46.1538
14108,Tuxpan,560.0446774608479,19.43288737015139,-103.46316975733794,5.129621,0.13993,-0.034625,19.6627,524.0871,8.204914619,0.87463557,0.50198703,1.02040816,63.34245,Bajo,969,4.29635009987289,36.2402090412869,0.150101854830063,0.514634930845931,0.262678245952611,5.18119438190201,19.1098670959473,18.7829841675996,69.0518131567758,57.9724592480987,Muy bajo,0.907768030074957,37518,9649,9.08,98.9321,44.3777,90.4342,32.0344,43.9009
14109,Unión de San Antonio,779.6457640006483,21.13340299068428,-102.04782034064888,2.638407,0.146394,-0.042981,8.9177,467.6543,11.06540518,2.91282051,0.1232539,1.90769231,62.91245,Medio,818,7.73813902169915,56.1162191982346,3.17360235393022,0.635771332492644,3.23665405632619,1.48171500630517,21.832555770874,54.1821805023861,71.5969581749049,55.7614463904937,Bajo,0.873146645847854,19069,4941,7.15,99.166,33.0702,87.9579,22.2627,61.9308
14110,Unión de Tula,394.83095925031273,19.967785565380076,-104.28310611850777,16.023409,0.188904,0.453261,72.0579,5221.9654,27.60058881,4.53542535,0.68812976,3.94704584,59.41862,Alto,175,3.71965544244323,39.5175347031688,0.493576250272193,0.22501270232997,0.646004209915076,1.77106772156493,12.424168586731,30.944271324009,64.1957275880957,58.4865609129276,Muy bajo,0.915818146657778,13799,4125,8.76,98.5014,52.2909,84.5576,36.0485,63.4424
14111,Valle de Guadalupe,305.4484592842627,21.0090792219044,-102.68981951093151,4.839752,0.380145,-0.153086,11.3987,1720.0392,4.497354497,0.8994709,0.31830239,0.47770701,64.15723,Bajo,1427,5.08757297748123,45.3554607831456,0.846304972041711,0.0453377663593774,0.891642738401088,0.241801420583346,12.7086696624756,100.0,60.1694915254237,57.2541336081359,Muy bajo,0.896520050265256,6627,1858,8.11,99.328,48.8698,91.7653,38.6975,70.6674
14112,Valle de Juárez,200.51175275890932,19.78825406336937,-102.95478858254118,0.074645,0.511431,0.004752,0.5105,82.9946,23.64793213,3.65853659,0.90570059,2.70413574,60.08385,Alto,240,8.02173913043478,48.0434782608696,0.702614379084967,0.833333333333333,0.42483660130719,0.980392156862745,11.8780097961426,100.0,69.3333333333333,56.2892011058668,Bajo,0.881410550200898,6151,1881,7.63,98.8744,51.2493,83.7852,24.0298,62.2541
14113,San Gabriel,858.0177124851339,19.505558001901818,-102.87846432564673,3.282992,0.102657,-0.035518,12.4015,749.4259,14.30297173,1.17986997,0.33759344,0.74644835,62.87947,Medio,804,6.61715057393653,46.4882660813777,0.895717554756456,0.411899313501144,1.89604445897352,5.02124877410919,20.1332702636719,69.1261783901378,70.7539619017128,56.2676647535904,Bajo,0.88107332089694,16548,4207,7.87,99.6068,27.0502,86.7839,21.6782,54.1716
14114,Villa Corona,251.81331164048353,20.34806986933717,-103.71374298797458,2.495821,0.295294,-0.069504,6.9222,363.1223,13.57830615,1.86530532,2.40773633,1.80782079,59.82613,Alto,210,4.97365191655237,42.6095222437482,0.247365024736502,0.150570015057001,0.274252527425253,1.25295762529576,17.2176303863525,55.4896920736505,71.4639814097599,57.4551970641766,Muy bajo,0.899668424161712,19063,5086,8.33,98.2123,47.7782,89.2843,27.094,52.1628
14115,Villa Guerrero,737.7054266405255,21.96094077971578,-103.66498076007227,0.582441,0.315699,0.007588,2.2925,414.9321,20.90800478,2.62843489,0.66185319,2.15053763,61.05211,Alto,404,8.72689938398357,50.1026694045174,7.25718443070207,4.01964350672972,6.74790833030193,6.18406693343034,18.170804977417,100.0,74.5609065155807,53.1203941707621,Medio,0.831791443706599,5525,1658,7.43,94.0455,36.0072,86.5501,27.4427,55.6092
14116,Villa Hidalgo,454.7349514083395,21.644986025201636,-102.61856082701607,14.368281,0.231988,0.528265,74.5087,3709.1149,16.44736842,5.20981508,1.73059768,3.05995374,59.46041,Alto,182,3.75570375570376,51.1182350210864,0.513946409859787,0.184621525871962,1.0378723616586,0.833291751908587,15.0518407821655,22.3715651135006,80.1578354002255,57.6087678929162,Muy bajo,0.902073129611335,20088,5610,7.65,99.1704,60.4635,87.5045,32.5312,67.3797
14117,Cañadas de Obregón,225.07536981022682,21.11790893030143,-102.73181983372369,1.331804,0.676883,-0.097899,0.8605,196.103,21.03374013,4.52261307,0.07204611,3.37401292,61.14661,Alto,419,7.24284844796105,58.0215655588617,1.68834131873146,1.20921743098334,1.34610997033995,0.752908966461328,10.7681264877319,100.0,70.3343465045593,55.8449830188748,Bajo,0.874454713188247,4388,1396,6.83,96.8366,30.086,86.7479,24.6418,64.9713
14118,Yahualica de González Gallo,526.8684014809535,21.07960695671505,-102.94281673176664,6.539291,0.093902,-0.056161,24.4822,1093.2482,24.03958091,2.86670547,0.64365126,2.19732247,60.66115,Alto,326,6.0977767293743,47.8421327239088,1.14890943362355,0.686652903689076,2.25742751997128,1.0636388115968,11.1560106277466,35.2639099758864,69.0721649484536,57.4565186639166,Muy bajo,0.899689118574337,22394,6933,7.82,99.0951,39.2327,86.2974,27.3619,57.147
14119,Zacoalco de Torres,339.3245521763198,20.201334147328215,-103.57017678153726,16.425565,0.22193,0.589176,80.553,2643.5088,18.49793175,1.53826267,0.19432569,1.86142709,62.21383,Medio,627,4.30291052820697,41.885417335548,1.15641711229947,0.287433155080214,1.05949197860963,5.21724598930481,21.1717529296875,33.2337883959044,68.2876589647143,57.3808090186902,Muy bajo,0.898503610897137,30472,7743,8.45,98.9158,42.4771,89.0998,27.9349,51.6983
14120,Zapopan,1047.5775678300881,20.73859428630157,-103.51547294683576,95.299995,0.128824,1.641653,394.7619,267.3649,4.138894861,0.56715567,0.37231301,0.71658501,64.11882,Bajo,1392,1.53514053779533,19.6370787750997,0.0235028280109075,0.0529262129098121,0.265273261445488,1.48197553017148,9.7734375,3.26950858488132,46.1487275474809,60.7295228613102,Muy bajo,0.950939809182093,1476491,425194,11.47,98.5936,75.2024,93.0975,60.2071,64.7951
14121,Zapotiltic,289.70109483497856,19.603169907620025,-103.37723560440432,7.203388,0.337683,0.330146,33.1199,982.4074,11.27174159,1.70544387,0.56753689,1.66026655,62.58178,Medio,708,3.94977350393388,38.3167360198106,0.136907116127658,0.441145151966899,0.739298427089355,2.2452767044936,15.8332405090332,19.140984190075,63.6279926335175,58.4852367080425,Muy bajo,0.915797411452207,33713,9041,8.8,98.8178,50.2046,88.2203,34.2108,50.8683
14122,Zapotitlán de Vadillo,307.59936123485284,19.521361011724345,-103.74941450566448,1.757434,0.375932,-0.073215,3.4249,458.7329,16.28024194,2.36895161,0.50403226,1.81451613,61.93082,Medio,564,6.25469571750563,38.9368895567243,3.46030042918455,3.59442060085837,1.4887339055794,14.3240343347639,27.0408172607422,100.0,79.4818652849741,53.6408216428189,Medio,0.83994061362682,7466,1963,8.33,99.077,19.2562,76.6174,16.0978,40.703
14123,Zapotlán del Rey,362.60986669191476,20.429415632949233,-102.94810958535187,1.097193,0.745232,-0.086239,0.3093,16.0434,19.01272657,3.56454721,0.77369439,2.10019268,60.97502,Alto,386,6.21988926439922,49.68438413484,1.16297180831733,0.368543991694783,0.607318972229432,1.77004931222424,22.8117733001709,100.0,76.9338173694499,55.6755413433868,Bajo,0.871801492366406,19279,5168,7.36,98.633,26.7608,86.6486,20.3947,52.4381
14124,Zapotlanejo,619.1205169007123,20.588035197592795,-103.09286618471282,29.675653,0.263345,1.124189,133.3726,2058.0286,10.46446558,2.93460034,1.06597846,1.64951912,61.80894,Medio,539,4.98640659388081,48.4132849633628,0.951748219334703,0.458878605750661,1.54968094804011,1.0351966873706,18.6055583953857,48.6405579730272,68.6238971342589,57.1799967156272,Muy bajo,0.895359169706774,64806,17972,7.86,98.9362,45.5876,92.199,27.2813,58.4966
